wallet_age_days,recipient_age_days,value_to_avg_ratio,interaction_frequency,recipient_token_hygiene,contract_code_similarity_score,gas_volatility_score,tx_time_deviation,recipient_cluster_risk,threat_score,intent_confidence,is_fraud
103,436,9.51,2,0.16,0.06,0.87,1,0.14,0.65,0.34,1
344,492,9.39,0,0.99,0.62,0.61,0,0.43,0.29,0.73,1
682,476,9.74,1,0.62,0.38,0.98,0,0.05,0.61,0.42,1
167,274,9.49,3,0.68,0.44,0.12,0,0.83,0.17,0.57,1
562,872,7.58,1,0.57,0.03,0.84,1,0.94,0.89,0.72,1
816,271,0.98,1,0.33,0.39,0.27,0,0.59,0.97,0.72,1
493,41,3.03,1,0.42,0.39,0.29,0,0.82,0.71,0.81,1
289,379,0.83,1,0.86,0.62,0.33,1,0.37,0.67,0.77,1
684,872,2.82,4,0.24,0.26,0.04,0,0.43,0.03,0.38,1
575,864,6.4,3,0.41,0.76,0.23,1,0.6,0.69,0.92,1
682,557,3.03,0,0.46,0.22,0.42,1,0.54,0.81,0.93,1
231,190,1.19,1,0.82,0.86,0.01,1,0.53,0.48,0.78,1
234,684,2.52,1,0.56,0.4,0.06,1,0.96,0.25,0.65,1
113,613,2.92,0,0.61,0.5,0.05,0,0.35,0.63,0.78,1
53,684,4.53,2,0.37,0.24,0.8,0,0.63,0.63,0.68,1
752,144,8.37,1,0.04,0.59,0.68,0,0.71,0.81,0.54,1
711,820,9.41,3,0.74,0.21,0.54,1,0.26,0.66,0.87,1
572,881,2.49,0,0.9,0.9,0.63,0,0.28,0.7,0.89,1
404,152,4.1,6,0.94,0.97,0.28,1,0.55,0.69,0.76,1
681,996,7.15,1,0.75,0.65,0.85,0,0.31,0.54,0.66,1
470,375,2.58,4,0.35,0.65,0.67,0,0.2,0.72,0.5,1
547,192,6.49,4,0.02,0.93,0.43,0,0.57,0.98,0.35,1
253,981,1.99,1,0.37,0.39,0.84,0,0.57,0.1,0.73,0
854,663,1.49,5,0.29,0.81,0.81,0,0.61,0.08,0.3,1
36,685,2.02,0,0.4,0.05,0.89,0,0.38,0.09,0.7,0
854,51,4.71,2,0.03,0.04,0.82,1,0.54,0.33,0.88,0
572,620,6.27,0,0.05,0.53,0.54,0,0.14,0.13,0.98,1
106,670,0.51,2,0.25,0.18,0.08,0,0.7,0.41,0.42,0
513,751,2.58,3,0.95,0.74,0.55,1,0.73,0.05,0.7,1
435,997,1.29,1,0.09,0.31,0.98,0,0.47,0.1,0.64,0
551,612,1.81,2,0.64,0.05,0.37,1,0.93,0.5,0.68,1
516,16,0.8,1,0.59,0.94,0.58,1,0.57,0.13,0.87,1
427,613,6.3,2,0.27,0.21,0.38,0,0.09,0.68,0.35,1
776,605,8.46,0,0.81,0.28,0.12,0,0.35,0.94,0.33,1
729,277,9.68,2,0.58,0.73,0.13,0,0.78,0.34,0.95,1
37,780,4.35,2,0.9,0.51,0.83,1,0.3,0.1,0.34,1
445,233,8.49,3,0.49,0.08,0.09,1,0.33,0.67,0.83,1
151,144,7.92,0,0.49,0.06,0.55,0,0.74,0.55,0.79,1
751,588,6.91,4,0.4,0.89,0.15,0,0.08,0.99,0.56,1
833,342,8.15,4,0.78,0.56,0.42,1,0.33,0.43,0.48,1
754,220,5.76,5,0.4,0.48,0.08,0,0.22,0.96,0.31,1
672,173,0.53,3,0.55,0.97,0.52,0,0.22,0.29,1.0,1
566,886,3.9,3,0.39,0.11,0.34,1,0.19,0.46,0.55,0
178,540,0.87,4,0.81,0.68,0.16,1,0.08,0.94,0.59,1
709,815,9.2,0,0.88,0.55,0.16,1,0.38,0.81,0.99,1
177,779,5.98,4,0.41,0.27,0.06,1,0.69,0.53,0.82,0
771,437,5.89,3,0.21,0.25,0.27,1,0.23,0.67,0.73,1
348,95,1.22,4,0.55,0.56,0.88,0,0.59,0.48,0.59,0
229,853,6.43,6,0.09,0.73,0.55,0,0.78,0.4,0.74,1
563,81,9.5,2,0.26,0.46,0.98,0,0.35,0.21,0.71,1
971,883,5.42,2,0.7,0.18,0.7,0,0.9,0.47,0.77,1
946,61,2.0,0,0.17,0.28,0.18,0,0.55,0.53,0.55,0
46,546,1.37,1,0.09,0.48,0.69,1,0.87,0.92,0.34,1
26,804,8.08,2,0.37,0.48,0.62,0,0.53,0.72,0.34,1
699,312,1.42,3,0.87,0.35,0.4,1,0.27,0.38,0.31,1
953,273,2.19,1,0.89,0.59,0.68,0,0.65,0.48,0.71,1
470,34,5.62,2,0.34,0.9,0.61,0,0.36,0.99,0.72,1
289,437,1.11,1,0.16,0.19,0.29,0,0.06,0.84,0.34,1
543,40,7.0,4,0.98,0.49,0.72,1,0.93,0.56,0.7,1
435,173,7.72,1,0.43,0.51,0.24,0,0.71,0.77,0.36,1
894,139,9.33,2,0.45,0.55,0.55,1,0.32,0.81,0.48,1
613,329,7.63,2,0.35,0.93,0.83,1,0.41,0.93,0.99,1
930,588,3.85,2,0.78,0.83,0.75,1,0.16,0.16,0.87,1
379,78,5.28,2,0.82,0.44,0.38,0,0.62,0.54,0.61,1
993,665,3.62,2,0.23,0.54,0.43,0,0.63,0.33,0.4,0
15,623,6.24,3,0.31,0.25,0.74,1,0.2,0.71,0.65,1
842,865,1.12,2,0.6,0.5,0.54,0,0.23,0.72,0.8,1
95,627,6.97,2,0.18,0.91,0.58,1,0.42,0.29,0.73,1
218,141,1.48,0,0.26,0.73,0.59,1,0.57,0.7,0.95,1
840,127,1.61,3,0.93,0.93,0.45,1,0.24,0.17,0.43,1
983,825,3.39,1,0.61,0.38,0.74,1,0.8,0.0,0.53,1
575,244,5.42,2,0.74,0.45,0.22,1,0.91,0.25,0.7,1
180,710,0.44,2,0.22,0.21,0.52,0,0.96,0.15,0.59,1
476,63,9.97,2,0.75,0.21,0.9,1,0.47,0.62,0.56,1
144,424,5.92,2,0.53,0.48,0.5,0,0.16,0.18,0.9,0
871,643,3.8,2,0.03,0.16,0.72,0,0.41,0.55,0.48,0
983,443,5.1,2,0.89,0.56,0.72,0,0.24,0.72,0.9,1
491,912,4.03,2,0.9,0.01,0.09,0,0.85,0.12,0.91,1
285,700,7.07,4,0.03,0.83,0.35,1,0.55,0.44,0.51,1
500,506,7.66,1,0.49,0.89,0.8,0,0.48,0.51,0.82,1
962,237,4.09,2,0.13,0.9,0.69,0,0.02,0.91,0.38,1
356,41,2.81,3,0.01,0.14,0.9,1,0.73,0.25,0.74,1
821,455,5.78,3,0.35,0.96,0.18,0,0.6,0.25,0.57,1
296,11,3.62,2,0.48,0.66,0.94,0,0.48,0.27,0.68,0
467,739,8.43,2,0.62,0.47,0.34,1,0.73,0.5,0.78,1
42,25,2.54,3,0.59,0.36,0.09,0,0.96,0.79,0.78,1
497,815,0.96,8,0.69,0.05,0.67,1,0.71,0.93,0.43,1
981,86,9.16,0,0.7,0.3,0.92,1,0.42,0.8,0.82,1
372,935,4.61,3,0.56,0.48,0.88,0,0.34,0.72,0.35,1
527,888,5.44,4,0.23,0.02,0.87,1,0.0,0.19,0.57,0
608,739,0.79,0,0.05,0.09,0.04,1,0.63,0.87,0.99,1
266,926,4.24,2,0.11,0.35,0.29,1,0.72,0.59,0.49,1
949,975,4.33,2,0.95,0.79,0.09,1,0.98,0.88,0.72,1
62,845,9.89,1,0.4,0.84,0.23,0,0.51,0.23,0.42,1
218,937,1.95,2,0.97,0.88,0.93,1,0.53,0.26,0.66,1
850,62,9.96,4,0.89,0.86,0.46,1,0.27,0.13,0.92,1
921,738,8.64,3,0.41,0.37,0.26,0,0.05,0.53,0.97,1
688,973,8.96,1,0.88,0.52,0.91,0,0.35,0.68,0.7,1
749,289,8.8,7,0.62,0.75,0.16,0,0.96,0.47,0.92,1
426,394,8.22,2,0.56,0.76,0.26,1,0.29,0.62,0.99,1
17,360,2.67,3,0.76,0.54,0.96,0,0.39,0.18,0.83,0
278,196,1.82,2,0.77,0.71,0.47,1,0.62,0.05,0.91,1
704,687,9.69,1,0.76,0.02,0.02,1,0.37,0.82,0.48,1
983,538,1.67,2,0.85,0.53,0.83,0,0.22,0.08,0.78,1
22,459,2.81,2,0.94,0.42,0.64,1,0.76,0.44,0.52,1
570,892,7.27,2,0.71,0.56,0.47,0,0.97,0.19,0.91,1
309,520,7.73,3,0.03,0.92,0.62,1,0.46,0.0,0.72,1
894,236,2.55,1,0.16,0.65,0.33,1,0.8,0.31,0.62,1
72,789,0.82,2,0.29,0.69,0.86,1,0.91,0.72,0.82,1
553,401,1.12,1,0.48,0.21,0.35,1,0.01,0.33,0.66,0
801,745,3.57,0,0.08,0.4,0.13,0,0.2,0.69,0.88,1
106,887,6.74,1,0.9,0.59,0.62,0,0.54,0.71,0.91,1
690,860,8.04,2,0.89,0.55,0.82,1,0.48,0.04,0.41,1
14,971,7.28,3,0.33,0.47,0.74,0,0.79,0.66,0.65,1
594,966,7.22,4,0.68,0.07,0.03,0,0.84,0.17,0.97,1
954,957,8.48,4,0.51,0.59,0.03,1,0.49,0.87,0.93,1
774,295,2.84,2,0.62,0.63,0.73,0,0.78,0.41,0.72,1
298,940,3.79,2,0.44,0.1,0.41,1,0.51,0.36,0.72,0
838,145,3.97,3,0.77,0.13,0.97,0,0.23,0.88,0.61,1
592,970,4.54,1,0.45,0.59,0.95,0,0.17,0.17,0.33,1
933,687,6.67,5,0.11,0.27,0.06,0,0.23,0.05,0.75,1
35,198,1.88,0,0.1,0.58,0.69,1,0.99,0.97,0.3,1
994,217,6.43,3,0.67,0.14,0.03,0,0.14,0.94,0.81,1
8,341,1.03,3,0.69,0.84,0.94,1,0.02,0.24,0.88,1
303,744,7.71,0,0.8,0.92,0.6,0,0.66,0.39,0.76,1
602,958,6.61,1,0.98,0.41,0.87,0,0.09,0.29,0.38,1
610,381,7.68,4,0.87,0.38,0.3,0,0.01,0.32,0.56,1
711,143,6.99,2,0.37,0.23,0.07,0,0.17,0.64,0.83,1
777,3,5.47,4,0.15,0.53,0.25,1,0.61,0.76,0.87,1
498,364,9.56,0,0.2,0.01,0.65,1,0.95,0.65,0.57,1
324,789,4.84,1,0.62,0.52,0.67,0,0.8,0.54,0.52,1
420,670,7.19,1,0.12,0.18,0.68,1,0.8,0.18,0.51,1
241,938,1.93,2,0.82,0.37,0.53,0,0.95,0.6,0.87,1
726,220,2.36,1,0.41,0.84,0.9,1,0.56,0.26,0.51,1
664,531,8.53,3,0.42,0.15,0.24,1,0.86,0.22,0.37,1
432,805,6.46,2,0.39,0.59,0.5,1,0.27,0.6,0.77,1
554,374,4.51,1,0.34,0.82,0.6,1,0.58,0.27,0.36,1
744,741,8.95,1,0.23,0.35,0.07,0,0.83,0.67,0.35,1
160,149,2.78,2,0.46,0.19,0.05,1,0.66,0.56,0.81,0
798,116,0.7,2,0.69,0.2,0.54,1,0.42,0.82,0.3,1
400,908,9.81,2,0.97,0.02,0.74,1,0.54,0.84,0.66,1
966,406,0.98,1,0.83,0.78,0.71,1,0.12,0.23,0.54,1
361,341,3.53,1,0.83,0.28,0.94,1,0.52,0.92,0.65,1
342,316,8.53,2,0.82,0.38,0.88,1,0.72,0.14,0.45,1
526,73,3.29,0,0.15,0.22,0.96,1,0.64,0.82,0.39,1
822,289,9.24,3,0.5,0.4,0.15,0,0.12,0.48,0.65,1
79,580,0.89,1,0.59,0.94,0.88,0,0.11,0.64,0.45,1
254,130,6.54,1,0.78,0.46,0.06,0,0.75,0.62,0.51,1
983,83,1.79,0,0.78,0.27,0.18,1,0.06,0.51,1.0,0
785,101,6.19,2,0.43,0.13,0.89,1,0.65,0.35,0.67,1
982,526,1.85,2,0.13,0.42,0.79,0,0.76,0.14,0.67,1
65,13,0.22,4,0.11,0.55,0.45,1,0.27,0.15,0.39,1
546,564,2.51,4,0.96,0.13,0.1,1,0.32,0.69,0.61,1
29,97,8.42,0,0.9,0.46,0.64,1,0.39,0.45,0.46,1
913,956,4.56,1,0.99,0.44,0.05,1,0.08,0.72,0.35,1
408,483,0.22,3,0.35,0.77,0.66,1,0.35,0.41,0.68,1
352,520,2.72,0,0.08,0.97,0.3,1,0.23,0.98,0.77,1
963,561,2.63,1,0.96,0.48,0.9,1,0.8,0.29,0.99,1
374,781,5.87,3,0.34,0.93,0.22,0,0.38,0.55,0.57,1
626,790,2.81,3,0.99,0.67,0.32,0,0.85,0.92,0.48,1
397,661,9.79,2,0.05,0.32,0.75,0,0.94,0.04,0.42,1
541,213,7.29,2,0.84,0.73,0.54,0,0.74,0.61,0.37,1
23,413,1.03,3,0.56,0.81,0.74,0,0.99,0.1,0.58,1
874,866,2.12,3,0.36,0.78,0.55,1,0.85,0.84,0.88,1
974,14,7.52,5,0.12,0.39,0.64,1,0.89,0.59,0.57,1
469,822,6.99,0,0.62,0.36,0.79,1,0.4,0.87,0.66,1
515,728,1.13,2,0.49,0.6,0.6,1,0.83,0.5,0.35,1
406,664,3.41,4,0.15,0.33,0.43,1,0.37,0.06,0.86,0
303,971,7.36,1,0.64,0.5,0.18,0,0.41,0.84,0.57,1
137,602,5.92,1,0.33,0.03,0.02,1,0.59,0.7,0.95,1
563,757,0.66,2,0.46,0.48,0.44,1,0.48,0.13,0.36,1
743,295,5.01,3,0.61,0.14,0.75,1,0.47,0.01,0.5,0
618,414,0.46,1,0.79,0.97,0.37,0,0.45,0.78,0.35,1
813,228,0.43,0,0.91,0.14,0.53,0,0.77,0.09,0.47,1
672,760,5.53,0,0.88,0.39,0.83,1,0.26,0.73,0.99,1
82,581,6.58,1,0.46,0.97,0.61,0,0.18,0.02,0.8,1
895,490,0.98,3,0.4,0.54,0.79,0,0.54,0.08,0.62,0
577,842,1.74,4,0.65,0.55,0.06,1,0.11,0.36,0.98,0
243,831,5.02,3,0.75,0.02,0.13,0,0.88,0.87,0.47,1
680,58,7.53,2,0.34,0.28,0.39,0,0.11,0.66,0.88,1
178,427,7.78,2,0.29,0.79,0.58,0,0.31,0.64,0.44,1
238,104,5.25,2,0.61,0.36,0.9,0,0.98,0.14,0.44,1
520,613,7.35,5,0.74,0.32,0.99,0,0.98,0.67,0.74,1
260,924,8.83,1,0.01,0.56,0.53,0,0.82,0.21,0.57,1
227,701,3.43,2,0.76,0.99,0.9,1,0.46,0.36,0.65,1
131,588,3.42,1,0.83,0.1,0.24,1,0.91,0.74,0.43,1
75,953,4.41,4,0.03,0.74,0.11,0,0.69,0.07,0.42,1
201,660,2.35,3,0.51,0.31,0.21,0,0.76,0.41,0.83,1
996,460,2.4,1,0.9,0.65,0.87,0,0.56,0.11,0.61,1
550,142,8.66,3,0.42,0.04,0.74,1,0.97,0.13,0.8,1
622,947,8.28,5,0.53,0.64,0.45,1,0.7,0.54,0.37,1
286,265,0.22,2,0.3,0.3,0.74,1,0.06,0.88,0.91,1
637,622,3.47,4,0.43,0.27,0.79,0,0.52,0.06,0.88,0
963,684,1.24,0,0.91,0.67,0.83,1,0.96,0.03,0.79,1
424,332,9.12,1,0.34,0.16,0.17,0,0.63,0.59,0.79,1
132,823,5.17,0,0.38,0.49,0.65,1,0.27,0.47,0.99,0
584,87,4.13,1,0.04,0.6,0.91,0,0.28,0.97,0.53,1
753,867,2.04,2,0.52,0.01,0.01,1,0.83,0.84,0.5,1
807,341,4.44,1,0.04,0.28,0.82,0,0.62,0.11,0.54,0
935,183,8.75,3,0.27,0.39,0.42,1,0.88,0.67,0.48,1
445,240,3.04,4,0.72,0.83,0.04,1,0.69,0.11,0.57,1
639,420,3.75,0,0.42,0.75,0.07,1,0.32,0.75,0.59,1
797,105,6.5,3,0.12,0.15,0.17,1,0.12,0.9,0.35,1
912,350,1.51,0,0.42,0.3,0.49,0,0.4,0.91,0.87,1
127,223,4.72,1,0.39,0.85,0.4,0,0.28,0.31,0.85,1
188,364,8.0,4,0.58,0.37,0.6,1,0.39,0.53,0.66,1
668,933,6.49,0,0.76,0.95,0.34,1,0.65,0.64,0.54,1
479,475,4.16,2,0.36,0.22,0.99,0,0.11,0.17,0.98,0
926,376,9.78,1,0.1,0.21,0.93,0,0.16,0.02,0.83,1
911,245,2.96,1,0.96,0.31,0.89,1,0.99,0.55,0.36,1
59,431,1.6,0,0.97,0.77,0.98,0,0.55,0.54,0.83,1
379,343,4.46,1,0.19,0.06,0.34,1,0.24,0.83,0.68,1
385,604,5.87,2,0.21,0.78,0.73,1,0.62,0.57,0.73,1
165,999,4.01,0,0.48,0.54,0.23,1,0.59,0.6,0.55,0
559,140,0.48,2,0.68,0.47,0.03,1,0.15,0.46,0.99,0
748,820,8.65,2,0.2,0.76,0.39,0,0.92,0.36,0.81,1
949,974,4.61,3,0.48,1.0,0.06,0,0.44,0.85,0.93,1
147,575,8.85,3,0.02,0.48,0.69,0,0.87,0.53,0.74,1
277,976,8.22,2,0.79,0.99,0.2,1,0.83,0.29,0.31,1
65,292,8.36,1,0.75,0.77,0.66,0,0.88,0.7,0.37,1
535,265,7.26,2,0.31,0.55,0.63,0,0.95,0.07,0.97,1
123,358,3.07,0,0.5,0.79,0.71,1,0.15,0.71,0.77,1
927,508,8.65,1,0.15,0.27,0.02,0,0.48,0.23,0.75,1
437,781,6.07,2,0.89,0.5,0.45,1,0.82,0.55,0.75,1
882,14,4.69,1,0.29,0.56,0.12,0,0.78,0.27,0.65,1
974,290,1.42,1,0.75,0.32,0.0,1,0.78,0.72,0.72,1
209,343,5.87,3,0.93,0.83,0.13,0,0.84,0.31,0.85,1
911,819,4.39,3,0.69,0.49,0.39,0,0.84,0.68,0.4,1
725,917,8.77,1,0.13,0.68,0.94,0,0.11,0.78,0.75,1
810,913,3.66,3,0.21,0.37,0.37,1,0.86,0.19,0.69,1
100,31,7.22,4,0.75,0.04,0.39,1,0.65,0.74,0.52,1
940,149,6.85,2,0.04,0.67,0.82,1,0.52,0.27,0.88,1
558,525,3.85,1,0.12,0.41,0.49,0,0.33,0.91,0.49,1
541,171,8.79,0,0.4,0.76,0.45,1,0.77,0.52,0.98,1
795,502,0.27,2,0.27,0.02,0.29,0,0.74,0.22,0.75,1
12,528,5.72,4,0.83,0.61,0.29,0,0.4,0.3,0.35,1
489,157,2.54,3,0.96,0.94,0.79,1,0.65,0.64,0.69,1
278,233,2.13,4,0.28,0.98,0.53,1,0.39,0.67,0.48,1
49,687,9.18,2,0.71,0.06,0.15,0,0.5,0.23,0.33,1
673,946,3.09,6,0.55,0.18,0.46,0,0.17,0.45,0.45,0
235,620,8.45,5,0.95,0.99,0.71,1,0.52,0.22,0.62,1
274,19,1.84,1,0.01,0.83,0.73,0,0.94,0.96,0.67,1
450,930,7.6,1,0.72,0.25,0.64,0,0.78,0.96,0.83,1
93,86,6.07,4,0.05,0.81,0.18,0,0.73,0.1,0.6,1
889,349,4.86,1,0.29,0.4,0.92,0,0.49,0.51,0.64,0
835,980,1.0,0,0.06,0.44,0.28,0,0.79,0.25,0.69,1
91,82,6.6,1,0.92,0.1,0.51,0,0.75,0.23,0.97,1
278,354,6.83,1,0.72,0.56,0.43,1,0.76,0.28,0.55,1
303,327,8.47,4,0.2,0.26,0.3,1,0.86,0.21,0.35,1
836,890,9.41,4,0.69,0.77,0.65,0,0.52,0.46,0.33,1
628,279,9.32,2,0.59,0.06,0.36,0,0.97,0.23,0.51,1
317,212,2.38,0,0.73,0.97,0.22,0,0.64,0.42,0.83,1
826,306,8.97,2,0.13,0.34,1.0,1,0.98,0.75,0.58,1
661,968,6.64,0,0.54,0.71,0.17,0,0.52,0.27,0.74,1
726,505,3.68,2,0.56,0.78,0.71,0,0.37,0.93,0.88,1
104,783,7.17,5,0.81,0.2,0.35,1,0.67,0.16,0.38,1
561,76,6.74,2,0.48,0.51,0.39,1,0.38,0.03,0.89,1
488,78,7.07,2,0.7,0.82,0.55,0,0.54,0.43,0.52,1
336,390,1.27,4,0.81,0.68,0.63,1,0.87,0.67,0.86,1
519,206,6.29,3,0.67,0.05,0.55,1,0.39,0.19,0.59,1
902,97,4.36,2,0.36,0.08,0.33,1,0.33,0.06,0.56,0
452,289,6.45,2,0.42,0.75,0.1,0,0.33,0.94,0.94,1
392,218,4.56,1,0.55,0.98,0.56,1,0.7,0.42,0.54,1
204,583,2.72,1,0.27,0.29,0.66,1,0.14,0.6,0.42,0
495,230,0.78,3,0.55,0.64,0.7,1,0.25,0.68,0.79,1
560,326,3.2,3,0.11,0.15,0.94,1,0.94,0.01,0.84,1
868,610,3.8,0,0.63,0.39,0.94,0,0.45,0.96,0.58,1
237,46,1.97,2,0.01,0.43,0.09,0,0.08,0.81,0.9,1
644,605,5.18,2,0.55,0.67,0.7,0,0.09,0.2,0.91,0
480,436,0.24,1,0.27,0.25,0.06,0,0.42,0.22,0.72,0
528,338,3.78,2,0.49,0.28,0.79,0,0.62,0.74,0.82,1
750,776,0.78,3,0.27,0.37,0.9,0,0.04,0.79,0.59,1
570,363,6.42,3,0.78,0.42,0.5,1,0.44,0.02,0.51,1
256,135,0.66,2,0.76,0.41,0.66,0,0.92,0.11,0.66,1
714,860,6.68,3,0.29,0.31,0.25,1,0.55,0.25,0.82,1
890,52,8.74,3,0.63,0.37,0.27,1,0.88,0.1,0.57,1
109,547,3.55,3,0.46,0.41,0.01,0,0.16,0.67,0.43,1
558,372,2.37,0,0.17,0.0,0.72,1,0.79,0.3,0.68,1
414,721,4.2,2,0.63,0.58,0.12,1,0.61,0.25,0.34,1
758,127,2.42,2,0.56,0.42,0.43,0,0.68,0.41,0.83,0
925,946,3.34,2,0.95,0.7,0.5,0,0.34,0.14,0.78,1
71,269,3.98,2,0.42,0.02,0.79,0,0.67,0.41,0.92,0
416,794,2.61,0,0.72,0.54,0.84,0,0.87,0.2,0.39,1
630,745,5.36,3,0.01,0.41,0.65,1,0.9,0.2,0.35,1
534,518,3.96,2,0.65,0.07,0.38,0,0.99,0.23,0.96,1
746,733,4.52,0,0.73,0.61,0.71,1,0.46,0.72,0.76,1
619,96,0.18,2,0.01,0.8,0.77,0,0.05,0.58,0.6,1
314,869,5.26,3,0.21,0.71,0.39,1,0.19,0.89,0.82,1
401,400,7.61,4,0.16,0.47,0.72,1,0.39,0.59,0.43,1
237,955,8.63,5,0.44,0.45,0.96,0,0.27,0.69,0.48,1
678,963,6.4,1,0.19,0.69,0.22,1,0.82,0.06,0.84,1
207,388,4.67,4,0.22,0.46,0.26,0,0.88,0.24,0.69,1
120,814,6.7,3,0.9,1.0,0.83,1,0.75,0.81,0.79,1
550,688,8.28,4,0.47,0.57,0.3,0,0.13,0.02,0.55,1
499,950,5.71,2,0.01,0.76,0.62,1,0.31,0.13,0.66,1
442,355,9.39,2,0.07,0.64,0.73,1,0.71,0.39,0.46,1
211,855,9.29,3,1.0,0.98,0.65,0,0.46,0.94,0.65,1
288,907,8.35,2,0.93,0.63,0.05,0,0.7,0.65,0.49,1
851,833,6.4,1,0.71,0.46,0.67,0,0.95,0.06,0.78,1
929,375,1.8,3,0.64,0.95,0.88,1,0.57,0.28,0.94,1
538,587,5.97,1,0.03,0.42,0.08,1,0.62,0.25,0.78,0
747,519,5.07,5,0.2,0.22,0.69,0,0.97,0.47,0.89,1
734,366,3.42,0,0.98,0.82,0.85,1,0.31,0.55,0.85,1
71,364,1.76,1,0.94,0.07,0.44,1,0.97,0.76,0.98,1
296,236,2.86,2,0.23,0.13,0.26,0,0.35,0.3,0.98,0
794,86,8.99,1,0.99,0.27,0.1,0,0.3,0.56,0.86,1
453,192,5.85,1,0.62,0.27,0.49,0,0.44,0.98,0.58,1
439,106,2.89,1,0.35,0.55,0.99,0,0.86,0.31,0.68,1
679,525,9.9,2,0.49,0.74,0.49,1,0.69,0.66,0.38,1
48,18,1.32,3,0.89,0.82,0.51,0,0.58,0.49,0.75,1
132,551,9.33,2,0.85,0.17,0.85,0,0.18,0.83,0.5,1
422,712,5.63,2,0.94,0.89,0.34,0,0.85,0.8,0.42,1
345,127,2.28,2,0.26,0.0,0.87,1,0.05,0.38,0.46,0
932,481,5.59,1,0.24,0.95,0.94,1,0.21,0.24,0.94,1
935,229,4.72,1,0.49,0.43,0.6,0,0.94,0.38,0.8,1
338,781,6.78,1,0.65,0.23,0.67,1,0.51,0.5,0.34,1
692,926,5.56,2,0.02,0.45,0.24,0,0.47,0.77,0.94,1
904,72,9.23,2,0.06,0.57,0.65,0,0.24,0.68,0.7,1
407,568,3.93,0,0.02,0.83,0.52,0,0.28,0.42,0.5,1
149,115,3.01,0,0.64,0.6,0.65,1,0.32,0.85,0.96,1
371,244,7.42,1,0.96,0.01,0.72,0,0.35,0.44,0.86,1
252,355,1.51,2,0.99,0.54,0.98,1,0.37,0.93,0.34,1
137,367,1.71,1,0.97,0.45,0.5,1,0.01,0.06,0.93,1
916,960,2.8,1,0.11,0.94,0.78,0,0.21,0.66,0.59,1
162,983,8.86,4,0.19,0.18,0.34,0,0.86,0.82,0.42,1
481,884,2.95,2,0.43,0.16,0.12,0,0.36,0.05,0.45,0
471,964,5.86,0,0.87,0.52,0.7,1,0.4,0.33,0.31,1
503,203,8.03,0,0.58,0.46,0.12,0,0.59,0.23,0.93,1
514,449,7.03,2,0.87,0.79,0.75,1,0.94,0.82,0.99,1
457,615,9.7,2,0.05,0.69,0.46,1,0.99,0.57,0.4,1
490,694,8.99,1,0.9,0.79,0.16,0,0.33,0.21,0.36,1
849,496,4.87,2,0.81,0.82,0.38,0,0.28,0.2,0.31,1
709,982,0.86,3,0.25,0.65,0.62,1,0.56,0.71,0.35,1
384,556,1.25,3,0.35,0.55,0.4,1,0.05,0.32,0.61,0
327,363,9.63,3,0.28,0.22,0.29,1,0.16,0.83,0.33,1
429,858,1.77,2,0.5,0.73,0.96,0,0.84,0.05,0.63,1
103,125,6.34,3,0.43,0.73,0.82,0,0.66,0.01,0.96,1
494,620,3.85,3,0.51,0.31,0.57,1,0.88,0.56,0.88,1
811,401,7.0,1,0.21,0.86,0.82,0,0.95,0.4,0.85,1
779,973,9.9,0,0.6,0.66,0.69,0,0.3,0.2,0.35,1
125,175,4.26,3,0.57,0.44,0.8,1,0.08,0.39,0.37,1
937,25,6.65,1,0.23,0.02,0.83,0,0.3,0.26,0.5,1
258,844,0.46,2,0.01,0.86,0.73,1,0.01,0.79,0.51,1
304,298,5.92,3,0.71,0.27,0.9,0,0.51,0.19,0.37,1
141,766,1.72,1,0.26,0.09,0.09,1,0.45,0.34,0.91,0
926,663,2.19,1,0.49,0.44,0.33,1,0.69,0.55,0.45,0
21,64,3.03,3,0.41,0.13,0.17,1,0.03,0.39,0.79,0
653,427,6.45,3,0.23,0.41,0.24,0,0.79,0.14,0.68,1
50,850,0.55,2,0.03,0.99,0.03,0,0.16,0.99,0.98,1
478,159,6.63,3,0.62,0.41,0.43,1,0.67,0.5,0.75,1
423,245,4.35,1,0.1,0.6,0.52,1,0.04,0.89,0.99,1
321,559,2.18,3,0.13,0.98,0.67,0,0.14,0.15,0.92,1
182,962,7.68,0,0.0,0.38,0.14,1,0.23,0.69,0.46,1
845,361,6.56,2,0.12,0.7,0.11,1,0.34,0.48,0.95,1
424,73,4.71,0,0.08,0.26,0.03,1,0.78,0.67,0.81,1
923,386,6.67,1,0.89,0.58,0.56,1,0.36,0.55,0.89,1
728,910,8.02,1,0.85,0.99,0.73,0,0.7,0.9,0.85,1
929,941,6.83,2,0.27,0.22,0.66,1,0.13,0.44,0.33,1
396,912,9.04,1,0.13,0.81,0.92,1,0.92,0.65,0.37,1
372,855,7.32,1,0.0,0.71,0.36,0,0.15,0.09,0.87,1
909,251,8.25,4,0.99,0.23,0.39,0,0.31,0.1,0.42,1
566,344,4.11,0,0.07,0.89,0.46,0,0.33,0.31,0.58,1
925,852,6.85,1,0.63,0.13,0.58,1,0.57,0.26,0.86,1
243,787,7.33,1,0.03,0.28,0.44,0,0.8,0.23,0.46,1
200,810,5.28,1,0.28,0.77,0.65,1,0.11,0.59,0.68,1
974,779,6.41,1,0.5,0.69,0.25,1,0.65,0.15,0.98,1
328,443,1.44,1,0.91,1.0,0.7,1,0.56,0.36,0.94,1
46,821,3.23,0,0.77,0.7,0.33,1,0.63,0.93,0.77,1
634,523,3.76,3,0.35,0.82,0.47,0,0.51,0.16,0.76,1
273,963,4.57,2,0.88,0.41,0.39,0,0.62,0.46,0.58,1
320,87,4.21,1,0.2,0.18,0.26,1,0.58,0.4,0.54,0
513,748,3.98,1,0.21,0.06,0.55,1,0.36,0.1,0.38,1
920,979,3.03,3,0.17,0.88,0.56,0,0.43,0.6,0.36,1
304,942,7.58,2,0.48,0.63,0.83,1,0.31,0.2,0.77,1
383,442,9.88,1,0.6,0.8,0.47,1,0.58,0.94,0.77,1
33,970,8.12,1,0.98,0.09,0.81,0,0.57,0.35,0.73,1
487,885,1.25,0,0.19,0.46,0.75,1,0.44,0.05,0.87,0
580,891,5.92,3,0.63,0.78,0.6,0,0.25,0.87,0.42,1
224,220,0.24,1,0.82,0.82,0.79,0,0.52,0.23,0.77,1
783,967,4.47,1,0.2,0.39,0.05,0,0.85,0.95,0.92,1
520,122,1.54,1,0.07,0.57,0.57,1,0.2,0.26,0.38,1
327,15,7.8,4,0.59,0.45,0.45,1,0.17,0.13,0.39,1
368,846,2.53,4,0.38,0.55,0.08,1,0.17,0.06,0.53,0
672,111,4.2,2,0.99,0.04,0.97,1,0.73,0.32,0.58,1
269,709,1.06,2,0.55,0.48,0.92,0,0.44,0.63,0.75,1
147,35,3.32,5,0.61,0.02,0.19,1,0.73,0.42,0.7,1
915,540,8.06,1,0.69,0.14,0.42,1,0.68,0.62,0.7,1
662,528,6.36,2,0.73,0.57,0.43,0,0.99,0.21,0.55,1
64,343,4.89,2,0.58,0.16,0.47,0,0.32,0.22,0.35,1
303,680,2.62,1,0.7,0.33,0.74,0,0.8,0.74,0.73,1
589,177,1.42,1,0.6,0.51,0.29,1,0.42,0.91,0.47,1
902,941,3.26,0,0.13,0.57,0.06,0,0.63,0.55,0.59,0
749,35,8.98,1,0.86,0.58,0.89,1,0.63,0.81,0.73,1
182,499,2.63,1,0.18,0.79,0.38,0,0.56,0.59,0.6,1
864,873,0.91,0,0.17,0.52,0.21,1,0.01,0.36,0.72,0
516,191,8.65,1,0.27,0.33,0.56,0,0.46,0.56,0.76,1
770,605,9.32,4,0.23,0.9,0.26,0,0.9,0.02,0.45,1
653,268,3.63,1,0.51,0.68,0.93,0,0.98,0.65,0.95,1
206,986,7.84,4,0.67,0.73,0.58,1,0.73,0.37,0.4,1
587,886,3.2,2,0.52,0.92,0.81,0,0.37,0.75,0.93,1
183,270,1.91,2,0.06,0.49,0.11,1,0.08,0.6,0.64,0
273,703,9.27,4,0.85,0.33,0.05,1,0.65,0.51,0.38,1
482,284,8.04,1,0.95,0.33,0.66,1,0.94,0.87,0.5,1
726,59,8.05,2,0.65,0.62,0.64,0,0.05,0.72,0.63,1
230,967,3.9,2,0.19,0.72,0.51,0,0.48,0.79,0.99,1
3,372,9.35,2,0.92,0.14,0.3,1,0.11,0.41,0.92,1
335,79,9.62,2,0.25,0.94,0.3,1,0.98,0.58,1.0,1
884,753,2.29,0,0.26,0.53,0.17,1,0.44,0.88,0.65,1
765,921,1.47,2,0.66,0.6,0.42,0,0.41,0.82,0.93,1
306,634,6.77,1,0.05,0.93,0.66,1,0.6,1.0,0.6,1
660,448,3.52,0,0.2,0.42,0.22,0,0.55,0.51,0.5,0
674,439,7.55,3,0.71,0.31,0.24,0,0.37,0.62,0.8,1
105,439,0.45,2,0.19,0.04,0.39,1,0.45,0.74,0.78,1
189,426,8.79,2,0.53,0.04,0.81,1,0.99,0.75,0.47,1
193,68,9.92,1,0.71,0.35,0.01,1,0.95,0.12,0.31,1
532,984,0.78,2,0.54,0.18,0.43,0,0.29,0.42,0.56,0
534,459,9.06,2,0.95,0.06,0.3,0,0.31,0.67,0.89,1
440,278,7.21,1,0.02,0.76,0.04,0,0.54,0.08,0.97,1
219,789,8.61,2,0.51,0.77,0.93,0,0.01,0.8,0.99,1
693,327,5.09,5,0.19,0.45,0.83,1,0.74,0.65,0.41,1
501,58,0.97,2,0.27,0.96,0.95,1,0.73,0.7,0.9,1
219,185,7.09,3,0.48,0.48,0.77,0,0.19,0.15,0.96,1
663,583,8.89,2,0.33,0.31,0.64,0,0.62,0.82,0.78,1
917,126,2.49,5,0.53,0.76,0.71,1,0.47,0.8,0.43,1
292,114,8.85,2,0.69,0.32,0.06,0,0.36,0.09,0.44,1
344,424,2.15,1,0.85,0.4,0.25,1,0.31,0.93,0.41,1
368,94,2.14,4,0.2,0.17,0.92,1,0.2,0.89,0.38,1
132,338,5.07,2,0.31,0.5,0.22,0,0.74,0.92,0.6,1
154,686,9.62,2,0.91,0.57,0.76,0,0.31,0.73,0.86,1
666,355,9.86,3,0.04,0.74,0.45,0,0.4,0.67,0.62,1
157,487,3.63,1,0.75,0.55,0.2,0,0.48,0.03,0.57,0
963,436,5.36,3,0.96,0.54,0.62,1,0.45,0.12,0.44,1
996,936,0.49,3,0.55,0.15,0.73,0,0.49,0.7,0.9,1
78,784,3.16,3,0.11,0.84,0.61,0,0.39,0.47,0.9,1
774,84,8.71,0,0.78,0.85,0.18,1,0.83,0.74,0.85,1
9,271,1.49,2,0.84,0.7,0.93,0,0.44,0.95,0.8,1
652,806,5.32,1,0.73,0.12,0.3,0,0.48,0.06,0.42,0
866,106,7.15,2,0.12,0.72,0.18,0,0.67,0.62,0.72,1
841,2,5.33,2,0.81,0.19,0.08,1,0.51,0.86,0.82,1
854,661,1.45,0,0.89,0.39,0.29,1,0.74,0.04,0.63,1
556,842,9.21,0,0.55,0.74,0.49,1,0.67,0.34,0.43,1
57,382,4.63,3,0.85,0.11,0.26,0,0.77,0.06,0.7,1
843,791,0.46,0,0.83,0.12,0.05,1,0.94,0.25,0.37,1
229,226,6.21,3,0.62,0.88,0.23,0,0.77,0.97,0.98,1
164,161,6.05,2,0.46,0.48,0.76,1,0.17,0.1,0.59,1
904,530,9.14,2,0.34,0.85,0.56,1,0.75,0.91,0.82,1
594,589,8.62,1,0.39,0.85,0.35,0,0.58,0.77,0.58,1
997,397,6.52,2,0.31,0.2,0.91,1,0.4,0.3,0.74,1
740,853,3.79,4,0.25,0.44,0.85,0,0.13,0.2,0.84,0
68,616,5.7,0,0.03,0.45,0.82,1,0.04,0.51,0.58,0
756,694,6.25,0,0.98,0.19,0.45,0,0.68,0.36,0.96,1
836,181,3.39,3,0.8,0.74,0.06,0,0.24,0.2,0.97,1
863,914,0.57,2,0.63,0.64,0.85,0,0.95,0.22,0.53,1
105,974,4.0,3,0.06,0.3,0.47,0,0.66,0.12,0.97,0
856,931,5.81,1,0.34,0.8,0.08,0,0.41,0.5,0.31,1
472,744,6.65,0,0.37,0.98,0.42,1,0.86,0.47,0.55,1
697,367,7.2,2,0.48,0.76,0.69,1,0.86,0.48,0.35,1
311,469,4.23,3,0.05,0.97,0.51,0,0.5,0.84,0.76,1
45,402,1.84,3,0.01,0.08,0.38,1,0.34,0.99,0.64,1
973,231,8.92,3,0.1,0.72,0.28,0,0.77,0.08,0.33,1
58,697,1.97,3,0.56,0.11,0.61,1,0.43,0.54,0.63,0
266,95,8.89,5,0.45,0.28,0.96,1,0.47,0.32,0.97,1
19,384,7.12,3,0.73,0.36,0.06,1,0.32,0.09,0.51,1
951,368,9.45,3,0.81,0.95,0.09,0,0.61,0.94,0.85,1
283,943,5.39,2,0.87,0.96,0.24,0,0.41,0.17,0.98,1
709,670,5.03,2,0.69,0.52,0.99,1,0.13,0.85,0.87,1
279,209,8.97,0,0.24,0.03,0.34,0,0.58,0.34,0.87,1
321,725,2.32,1,0.01,0.65,0.51,1,0.84,0.08,0.79,1
679,945,5.74,3,0.09,0.46,0.39,0,0.72,0.12,0.72,1
594,389,5.19,4,0.17,0.27,0.12,0,0.05,0.05,0.57,0
1,135,3.22,2,0.31,0.97,0.41,1,0.52,0.64,0.85,1
327,318,0.13,3,0.49,0.99,0.28,1,0.84,0.03,0.89,1
416,963,9.38,1,0.07,0.48,0.22,0,0.54,0.13,0.5,1
529,52,2.21,2,0.37,0.39,0.98,0,0.42,0.44,0.51,0
688,310,3.65,1,0.09,0.75,0.01,1,0.69,0.31,0.34,1
770,761,7.8,1,0.87,0.44,0.14,0,0.29,0.45,0.81,1
84,615,9.87,2,0.92,0.16,0.75,1,0.57,0.0,0.48,1
730,523,7.25,1,0.71,0.44,0.03,0,0.49,0.31,0.43,1
416,532,3.3,1,0.13,0.93,0.87,0,0.3,0.62,0.51,1
214,852,1.23,4,0.53,0.03,0.64,0,0.87,0.5,0.51,1
591,682,4.38,2,0.59,0.49,0.52,0,0.47,0.11,0.75,0
181,743,8.3,1,0.11,0.05,0.26,1,0.9,0.13,0.57,1
988,738,9.7,2,0.93,0.86,0.17,0,1.0,0.26,0.5,1
372,523,0.34,5,0.82,0.65,0.65,0,0.54,0.26,0.84,1
43,486,5.92,1,0.06,0.59,0.83,0,0.43,0.47,0.95,0
10,114,3.19,1,0.97,0.36,0.48,1,0.82,0.75,0.79,1
255,236,0.67,2,0.01,0.14,0.72,0,0.45,0.46,0.35,1
438,155,8.23,1,0.84,0.88,0.24,0,0.67,0.33,0.48,1
959,853,7.62,0,0.84,0.44,0.34,1,0.58,0.68,0.83,1
502,592,8.71,1,0.95,0.4,0.12,1,0.05,0.57,0.87,1
225,505,3.56,2,0.74,0.63,0.58,0,0.69,0.89,0.78,1
873,283,6.97,3,0.51,0.34,0.33,1,0.58,0.62,0.85,1
506,82,8.36,0,0.75,0.85,0.29,0,0.02,0.43,0.32,1
749,478,2.18,2,0.62,0.05,0.48,1,0.14,0.76,0.65,1
976,16,7.56,2,0.35,0.83,0.49,1,0.45,0.41,0.99,1
978,482,3.02,2,0.92,0.27,0.9,0,0.95,0.21,0.73,1
928,644,5.5,1,0.52,0.47,0.07,1,0.09,0.14,0.37,1
826,595,7.98,1,0.64,0.2,0.1,1,0.09,0.24,0.42,1
464,681,3.72,1,0.05,0.02,0.1,1,0.46,0.89,0.7,1
73,479,9.92,1,0.67,0.98,0.99,0,0.13,0.89,0.49,1
297,211,8.59,3,0.08,0.57,0.1,1,0.94,0.17,0.91,1
649,433,2.6,0,0.27,0.91,0.63,1,0.35,0.32,0.85,1
335,861,3.07,1,0.9,0.94,0.98,1,0.6,0.11,0.31,1
722,954,2.77,3,0.66,0.97,0.92,1,0.77,0.63,0.99,1
557,649,0.71,2,0.78,0.2,0.26,0,0.34,0.98,0.74,1
537,691,1.75,3,0.06,0.12,0.58,1,0.24,0.31,0.64,0
106,812,6.15,3,0.13,0.58,0.3,0,0.47,0.82,0.6,1
811,188,5.99,4,0.14,0.09,0.02,1,0.28,0.45,0.54,0
381,892,6.26,3,0.66,0.34,0.02,0,0.01,0.02,0.71,1
702,83,5.23,0,0.42,0.72,0.44,0,0.27,0.98,0.57,1
864,524,3.58,1,0.58,0.6,0.74,1,0.67,0.45,0.64,0
754,117,6.31,3,0.57,0.92,0.8,1,0.0,0.59,0.8,1
988,842,0.91,1,0.83,0.46,0.49,1,0.63,0.54,0.39,1
455,104,1.08,3,0.16,0.41,0.93,0,0.93,0.13,0.57,1
632,443,6.7,2,0.97,0.17,0.65,0,0.29,0.48,0.98,1
604,575,4.19,0,0.51,0.02,0.41,1,0.39,0.73,0.78,1
174,29,2.47,1,0.23,0.02,0.88,1,0.7,0.3,0.49,0
834,166,8.6,4,0.12,0.63,0.9,1,0.77,0.81,0.58,1
362,379,4.12,4,0.94,0.83,0.79,1,0.54,0.97,0.4,1
85,267,1.91,3,0.4,0.98,0.54,0,0.14,0.01,0.7,1
739,2,6.69,1,0.54,0.46,0.5,1,0.67,0.13,0.84,1
26,454,3.3,3,0.61,0.08,0.64,1,0.07,0.63,0.48,1
687,950,8.2,4,0.55,0.55,0.09,1,0.3,0.0,0.97,1
256,992,7.67,0,0.45,0.1,0.02,1,0.62,0.36,0.85,1
804,831,2.81,3,0.42,0.04,0.29,0,0.16,0.7,0.83,1
782,79,5.11,5,0.85,0.49,0.47,0,0.34,0.06,0.69,1
73,929,9.35,5,0.98,0.77,0.11,1,0.17,0.46,0.51,1
592,7,3.3,2,0.45,0.97,0.38,0,0.18,0.5,0.49,1
665,66,0.86,2,0.29,0.72,0.95,0,0.74,0.05,0.9,1
910,506,8.76,2,0.91,0.13,0.18,1,0.23,0.12,0.39,1
703,502,7.37,1,0.13,0.91,0.49,0,0.99,0.27,0.77,1
467,926,1.23,0,1.0,0.8,0.79,1,0.73,0.12,0.71,1
939,613,2.09,2,0.62,0.64,0.7,1,0.64,0.8,0.63,1
504,706,1.17,2,0.51,0.49,0.63,0,0.17,0.67,0.42,1
935,78,5.1,2,1.0,0.67,0.49,1,0.3,0.25,0.56,1
260,988,4.94,2,0.14,0.05,0.63,1,0.37,0.16,0.92,0
718,67,8.84,3,0.5,0.11,0.39,1,0.8,0.79,0.51,1
262,283,1.54,5,0.24,0.84,0.21,1,0.61,0.0,0.93,1
907,470,2.7,3,0.79,0.68,0.89,0,0.4,0.35,0.84,0
305,354,1.62,2,0.8,0.71,0.19,1,0.38,0.05,0.42,1
486,644,0.8,2,0.0,0.5,0.38,1,0.84,0.64,0.76,1
835,471,8.95,1,0.54,0.74,0.76,1,0.17,0.19,0.31,1
590,620,5.61,2,0.12,0.39,0.04,1,0.66,0.84,0.45,1
394,339,8.53,2,0.5,0.98,0.1,1,0.9,0.94,0.77,1
367,770,4.58,6,0.8,0.51,0.06,1,0.21,0.57,0.91,0
894,776,9.67,1,0.39,0.95,0.32,1,0.7,0.29,0.77,1
942,152,3.78,0,0.7,0.02,0.63,1,0.38,0.44,0.56,0
808,546,5.31,3,0.27,0.28,0.93,0,0.56,0.31,0.36,1
774,760,7.11,1,0.43,0.44,0.67,0,0.41,0.47,0.34,1
177,217,7.2,2,0.74,0.17,0.19,1,0.9,0.66,0.37,1
180,415,6.39,5,1.0,0.18,0.01,0,0.57,0.92,0.98,1
232,457,4.64,2,0.47,0.24,0.47,0,0.26,0.8,0.74,1
744,463,0.7,2,0.61,0.68,0.53,0,0.74,0.83,0.98,1
363,822,6.05,1,0.25,0.46,0.63,0,0.99,0.27,0.88,1
598,382,6.52,2,0.44,0.56,0.85,1,0.44,0.86,0.78,1
635,254,2.11,1,0.89,0.33,0.31,0,0.3,0.75,0.45,1
444,332,1.98,0,0.31,0.89,0.77,0,0.76,0.51,0.99,1
427,116,0.68,1,0.16,0.95,0.77,1,0.49,0.18,0.81,1
394,696,4.96,0,0.62,0.67,0.38,1,0.13,0.53,0.49,0
192,520,7.26,0,0.6,0.54,0.97,1,0.43,0.29,0.72,1
242,967,1.04,0,0.5,0.6,0.06,0,0.41,0.04,0.54,0
44,128,6.89,3,0.54,0.07,0.93,1,0.73,0.22,0.61,1
838,379,5.52,4,0.73,0.63,0.36,1,0.01,0.19,0.64,0
914,692,3.9,3,0.41,0.22,0.97,0,0.89,0.41,0.4,1
234,209,9.63,3,0.66,0.29,0.56,0,0.85,0.68,0.34,1
80,353,8.47,2,0.85,0.73,0.98,0,0.74,0.63,0.63,1
16,423,0.76,1,0.84,0.37,0.84,1,0.23,0.12,0.53,1
538,583,9.26,2,0.71,0.62,0.97,0,0.97,0.27,0.65,1
153,737,5.64,1,0.44,0.33,0.52,1,0.29,0.26,0.32,1
799,475,5.58,0,0.28,0.88,0.59,0,0.18,0.58,0.41,1
676,6,7.0,2,0.56,0.01,0.08,1,0.64,0.97,0.88,1
632,340,3.82,5,0.44,0.34,0.72,0,0.19,0.79,0.62,1
152,835,3.9,3,0.25,0.92,0.58,0,0.55,0.94,0.45,1
697,633,4.8,4,0.09,0.61,0.06,0,0.1,0.73,0.44,1
125,79,5.07,1,0.41,0.49,0.54,1,0.97,0.29,0.35,1
268,170,7.46,5,0.46,0.61,0.26,1,0.45,0.76,0.86,1
415,198,8.96,1,0.9,0.9,0.69,1,0.43,0.2,0.61,1
617,600,4.35,2,0.07,0.73,0.56,1,0.44,0.35,0.82,1
471,149,7.59,2,0.13,0.35,0.81,0,0.04,0.83,0.7,1
208,792,5.28,1,0.26,0.88,0.75,0,0.31,0.69,0.31,1
295,42,3.58,1,0.79,0.22,0.68,1,0.28,0.48,0.8,0
385,56,6.14,1,0.02,0.0,0.23,1,0.46,0.82,0.95,1
565,979,6.65,1,0.23,0.71,0.82,0,0.01,0.15,0.79,1
239,7,4.74,4,0.58,0.79,0.02,0,0.96,0.81,0.62,1
82,363,9.34,1,0.56,0.94,0.0,0,0.44,0.14,0.83,1
201,540,6.43,6,0.11,0.52,0.59,1,0.0,0.45,0.89,1
887,162,9.99,1,0.16,0.16,0.29,0,0.54,0.56,0.66,1
757,847,2.72,2,0.05,0.6,0.81,1,0.74,0.45,0.99,1
106,679,3.61,2,0.73,0.87,0.94,1,0.86,0.56,0.59,1
266,694,1.34,0,0.69,0.26,0.25,0,0.31,0.1,0.67,0
909,910,1.19,1,0.43,0.8,0.74,1,0.82,0.56,0.43,1
710,542,0.64,3,0.54,0.94,0.6,1,0.48,0.52,0.98,1
862,278,2.23,2,0.68,0.41,0.93,0,0.39,0.32,0.95,0
325,114,3.96,0,0.67,0.29,0.59,1,0.17,0.12,0.36,1
201,878,2.02,2,0.07,0.23,0.93,0,0.69,0.6,0.38,1
477,843,7.38,3,0.87,0.81,0.23,1,0.3,0.39,0.43,1
144,585,9.58,1,0.62,0.34,0.86,0,0.48,0.18,0.64,1
378,156,0.39,0,0.08,0.54,0.85,0,0.93,0.21,0.55,1
464,675,5.15,4,0.9,0.81,0.0,1,0.53,0.48,0.78,1
712,732,6.33,3,0.8,0.38,0.9,1,0.98,0.2,0.45,1
687,110,1.81,3,0.93,0.05,0.21,1,0.88,0.55,0.76,1
516,76,2.89,4,0.05,0.45,0.05,1,0.77,0.5,0.52,1
570,713,8.68,1,0.57,0.76,0.14,0,0.71,0.97,0.85,1
721,224,9.09,0,0.47,0.89,0.64,0,0.68,0.7,0.97,1
307,246,4.06,3,0.84,0.36,0.66,0,0.11,0.08,0.7,1
942,952,8.51,1,0.38,0.35,0.13,0,0.19,0.54,0.95,1
558,73,8.44,1,0.47,0.16,0.03,1,0.8,0.35,0.79,1
310,782,8.97,2,0.82,0.24,0.66,0,0.83,0.77,0.55,1
349,271,5.38,0,0.24,0.21,0.25,1,0.17,0.61,0.8,1
763,469,0.46,1,0.89,0.23,0.74,1,0.96,0.79,0.72,1
621,719,0.5,2,0.67,0.28,0.59,0,0.45,0.86,0.94,1
606,492,1.62,3,0.02,0.93,0.08,0,0.73,0.02,0.44,1
281,443,8.79,3,0.12,0.8,0.25,0,0.4,0.46,0.31,1
943,172,4.42,2,0.39,0.24,0.92,0,0.37,0.43,0.74,0
447,373,5.09,1,0.64,0.56,0.74,0,0.26,0.41,0.62,0
194,380,0.43,2,0.04,0.99,0.48,1,0.69,0.13,0.55,1
831,229,8.37,0,0.24,0.89,0.01,0,1.0,1.0,0.43,1
335,31,4.91,4,0.11,0.69,0.16,0,0.91,0.8,0.35,1
874,381,5.76,1,0.53,0.88,0.41,1,0.77,0.07,0.64,1
875,466,2.9,2,0.49,0.74,0.87,0,0.98,0.74,0.84,1
803,993,4.77,1,0.62,0.63,0.89,1,0.44,0.62,0.84,1
225,412,9.63,3,0.46,0.31,0.58,1,0.07,0.86,0.65,1
947,73,6.15,1,0.76,0.28,0.9,0,0.89,0.38,0.82,1
211,280,4.81,3,0.23,0.41,0.78,0,0.49,0.48,0.63,0
770,89,5.07,3,0.18,0.81,0.54,0,0.22,0.47,0.49,1
339,568,6.4,1,0.92,0.29,0.49,0,0.41,0.38,0.86,1
472,482,1.79,2,0.61,0.57,0.71,1,0.01,0.55,0.98,0
13,907,5.45,3,0.57,0.34,0.56,0,0.44,0.05,0.68,0
543,668,4.79,4,0.91,0.12,0.53,0,0.83,0.06,0.64,1
207,282,1.77,2,0.93,0.63,0.39,0,0.05,0.04,0.8,1
141,265,2.64,1,0.0,0.81,0.08,0,0.05,0.45,0.61,1
890,325,1.35,0,0.15,0.03,0.07,0,0.3,0.09,0.83,0
239,801,5.75,0,0.14,0.62,0.21,1,0.86,0.93,0.96,1
56,577,3.48,2,0.64,0.59,0.9,0,0.49,0.36,0.75,0
952,145,4.36,2,0.91,0.83,0.3,1,0.4,0.15,0.61,1
417,848,2.71,0,0.67,0.97,0.61,1,0.44,0.95,0.47,1
913,382,4.88,1,0.19,0.21,0.74,0,0.1,0.58,0.69,0
237,739,5.23,1,0.05,0.27,0.65,0,0.14,0.51,0.88,0
631,383,4.31,0,0.12,0.62,0.68,1,0.94,0.33,0.33,1
644,336,5.49,1,0.98,0.95,0.2,1,0.23,0.27,0.76,1
427,421,2.03,1,0.86,0.51,0.11,0,0.67,0.63,0.37,1
170,205,1.3,0,0.53,0.4,0.59,0,0.68,0.5,0.84,0
573,599,5.84,3,0.35,0.72,0.08,1,0.81,0.54,0.49,1
619,464,1.71,3,0.69,0.57,0.4,0,0.59,0.51,0.65,0
216,183,0.8,0,0.43,0.36,0.52,0,0.49,0.54,0.51,0
625,300,1.25,2,0.65,0.15,0.55,0,0.1,0.31,0.76,0
184,23,2.93,1,0.21,0.02,0.9,0,0.86,0.01,0.32,1
989,890,7.78,6,0.83,0.2,0.89,1,0.27,0.6,0.91,1
759,828,9.84,5,0.9,0.56,0.87,1,0.65,0.61,0.53,1
797,325,0.48,3,0.67,0.01,0.87,0,0.1,0.05,0.81,0
467,599,7.19,6,0.69,0.17,0.27,1,0.08,0.07,0.9,1
988,637,6.72,2,0.13,0.56,0.95,1,0.25,0.88,0.69,1
200,788,2.32,4,0.55,0.75,0.78,1,0.37,0.51,0.69,1
472,754,3.61,3,0.26,0.08,0.12,0,0.15,0.46,0.64,0
85,167,2.04,5,0.75,0.96,0.46,0,0.25,0.83,0.79,1
307,850,4.15,3,0.19,0.51,0.53,1,0.82,0.03,0.74,1
583,801,3.0,1,0.83,0.27,0.73,1,0.37,0.54,0.4,1
10,592,0.18,1,0.71,0.92,0.71,1,0.37,0.72,0.77,1
795,273,4.94,1,0.82,0.61,0.44,0,0.84,0.72,0.93,1
850,833,9.9,1,1.0,0.28,0.67,1,0.79,0.31,0.94,1
893,953,8.49,4,0.89,0.84,0.47,1,0.45,0.32,0.82,1
576,859,4.44,2,0.69,0.51,0.65,1,0.15,0.41,0.38,1
859,612,0.51,5,0.13,0.56,0.89,0,0.33,0.44,0.48,0
317,598,6.92,1,0.32,0.59,0.07,0,0.89,0.57,0.87,1
705,465,1.98,0,0.72,0.16,0.85,0,0.62,0.78,0.65,1
585,262,2.85,3,0.77,0.56,0.88,0,0.99,0.51,0.95,1
353,157,2.99,2,0.58,0.56,0.74,1,0.77,0.75,0.52,1
486,808,8.39,0,0.88,0.26,0.59,0,0.13,0.46,0.89,1
720,164,2.72,1,0.03,0.56,0.69,0,0.03,0.55,0.83,0
723,607,8.42,0,0.37,0.24,0.45,1,0.06,0.14,0.79,1
962,365,6.43,0,0.41,0.18,0.11,1,0.9,0.14,0.37,1
587,721,9.34,2,0.0,0.81,0.09,1,0.56,0.52,0.81,1
72,782,1.71,1,0.81,0.99,0.38,1,0.17,0.74,0.51,1
961,420,1.67,1,0.43,0.25,0.75,1,0.96,0.6,0.69,1
592,527,0.9,7,0.34,0.47,0.86,0,0.32,0.33,0.32,1
467,101,8.05,3,0.88,0.01,0.94,1,0.4,0.85,0.65,1
533,769,3.98,4,0.15,0.86,0.68,0,0.26,0.04,0.39,1
425,746,3.22,0,0.11,0.72,0.85,1,0.84,0.24,0.59,1
883,828,4.86,2,0.62,0.65,0.07,0,0.35,0.38,0.59,0
874,566,4.57,4,0.2,0.41,0.21,1,0.53,0.66,0.45,1
86,574,8.4,2,0.73,0.13,0.68,0,0.61,0.83,0.65,1
391,813,0.24,3,0.5,0.42,0.41,0,0.66,0.88,0.59,1
735,592,0.24,2,0.18,0.43,0.98,0,0.01,0.84,0.32,1
41,296,8.93,3,0.65,0.04,0.05,0,0.09,0.51,0.69,1
205,502,7.35,3,0.83,0.28,0.08,0,0.49,0.85,0.79,1
905,972,2.65,2,0.27,0.8,0.04,0,0.31,0.29,0.87,1
604,303,8.08,4,0.77,0.45,0.47,0,0.41,0.65,0.8,1
416,886,0.89,5,0.82,0.77,0.6,1,0.04,0.45,0.38,1
205,29,9.98,1,0.56,0.65,0.21,0,0.38,0.14,0.74,1
494,970,9.33,2,0.6,0.06,0.89,0,0.91,0.88,1.0,1
683,762,7.66,3,0.13,0.03,0.69,0,0.42,0.9,0.99,1
115,949,1.7,2,0.92,0.76,0.73,0,0.8,0.62,0.83,1
411,8,3.17,2,0.3,0.66,0.14,1,0.23,0.27,0.52,0
937,194,2.8,1,0.91,0.1,0.72,1,0.35,0.99,0.37,1
279,440,0.72,1,0.67,0.06,0.67,0,0.64,0.22,0.77,0
503,200,4.78,3,0.84,0.8,0.41,1,0.75,0.21,0.31,1
125,456,8.23,0,0.61,0.38,0.79,0,0.79,0.1,0.49,1
879,998,3.53,3,0.71,0.45,0.1,0,0.27,0.47,0.8,0
502,761,1.22,4,0.18,0.64,0.33,0,0.63,0.26,0.96,0
763,21,9.66,0,0.48,0.33,0.45,1,0.24,0.13,0.8,1
578,637,3.38,2,0.53,0.93,0.95,0,0.14,0.21,0.37,1
464,804,6.64,2,0.88,0.86,0.44,1,0.56,0.13,0.52,1
771,820,4.15,1,0.25,0.81,0.76,0,0.05,0.8,0.72,1
115,313,5.0,3,0.97,0.66,0.41,0,0.74,0.31,0.88,1
822,409,7.96,3,0.34,0.11,0.26,0,0.87,0.23,0.84,1
258,486,9.71,2,0.4,0.96,0.54,1,0.88,0.42,0.58,1
266,646,5.56,1,0.31,0.78,0.37,0,0.53,0.82,0.37,1
560,800,7.97,1,0.38,0.4,0.78,0,0.48,0.49,0.81,1
593,175,1.0,0,0.81,0.11,0.99,0,0.82,0.8,0.64,1
823,631,6.42,1,0.73,0.04,0.09,0,0.29,0.0,0.46,1
394,824,9.91,1,0.33,0.33,0.02,1,0.39,0.34,0.45,1
753,886,3.24,2,0.07,0.19,0.41,1,0.11,0.41,0.84,0
977,448,9.47,7,0.11,0.69,0.98,0,0.73,0.87,0.43,1
775,365,8.99,2,0.13,0.59,0.53,0,0.31,0.53,0.53,1
256,766,4.48,2,0.05,0.01,0.33,1,0.02,0.41,0.53,0
709,899,2.24,5,0.62,0.41,0.86,1,0.18,0.13,0.53,0
373,568,5.03,2,0.32,0.6,0.6,0,0.61,0.7,0.54,1
334,715,0.79,3,0.42,0.4,0.03,0,0.23,0.03,0.81,0
646,626,7.99,0,0.9,0.67,0.9,0,0.97,0.69,0.35,1
69,37,7.74,3,0.83,0.79,0.26,1,0.24,0.12,0.71,1
662,806,9.93,8,0.08,0.17,0.06,1,0.13,0.7,0.44,1
366,933,0.74,1,0.9,0.86,0.46,1,0.18,0.43,0.39,1
170,690,4.04,1,0.34,0.61,0.58,1,0.55,0.18,0.63,0
373,417,7.55,1,0.47,0.65,0.83,0,0.83,0.49,0.83,1
128,838,3.55,5,0.01,0.63,0.7,1,0.45,0.79,0.73,1
726,435,1.65,2,0.58,0.39,0.17,0,0.5,0.16,0.54,0
589,45,5.91,0,0.83,0.56,0.67,1,0.33,0.6,0.36,1
135,877,0.99,5,0.86,0.96,0.5,1,0.85,0.85,0.55,1
669,500,8.52,1,0.0,0.52,0.34,1,0.35,0.45,0.39,1
308,252,3.25,1,0.38,0.47,0.63,1,0.01,0.13,0.52,0
51,891,9.86,1,0.2,0.59,0.06,1,0.5,0.42,0.43,1
228,640,7.3,1,0.75,0.05,0.54,1,0.18,0.69,0.7,1
648,176,1.26,2,0.69,0.44,0.94,1,0.74,0.2,0.89,1
656,8,7.45,5,0.31,0.61,0.96,0,0.22,0.28,0.61,1
813,704,8.75,1,0.65,0.65,0.96,1,0.49,0.11,0.59,1
676,525,0.45,1,0.02,0.93,0.09,0,0.14,0.47,0.96,1
155,257,9.78,2,0.32,0.42,0.31,1,0.93,0.67,0.78,1
774,925,1.25,4,0.86,0.05,0.15,0,0.96,0.92,0.62,1
325,461,4.58,1,0.43,0.54,0.02,0,0.53,0.39,0.74,0
25,999,1.04,2,0.15,0.18,0.29,0,0.47,0.88,0.71,1
709,486,8.06,2,0.8,0.37,0.39,1,0.97,0.96,0.55,1
561,277,1.75,3,0.26,0.66,0.42,0,0.66,0.88,0.64,1
647,885,9.2,2,0.39,0.39,0.29,1,0.28,1.0,0.49,1
757,850,6.63,1,0.16,0.31,0.11,0,0.46,0.47,0.91,1
105,617,5.18,2,0.4,0.91,0.74,0,0.93,0.07,0.56,1
65,387,0.11,4,0.63,0.08,0.49,1,0.88,0.42,0.94,1
641,770,1.15,3,0.01,0.16,1.0,0,0.58,0.99,0.75,1
572,546,8.02,1,0.43,0.47,0.24,0,0.03,0.41,0.5,1
619,128,8.02,4,0.28,0.27,0.54,1,0.31,0.93,0.71,1
250,652,6.55,3,0.44,0.48,0.9,1,0.16,0.88,0.6,1
902,275,0.45,3,0.18,0.25,0.81,1,0.22,0.51,0.68,0
579,135,1.79,2,0.4,0.9,1.0,0,0.18,0.61,0.54,1
28,467,3.22,0,0.22,0.19,0.43,1,0.79,0.01,0.51,1
342,465,3.82,0,0.91,0.42,0.46,0,0.83,0.32,0.47,1
214,108,5.09,2,0.72,0.81,0.29,1,0.83,0.74,0.89,1
999,545,0.41,3,0.7,0.73,0.94,1,0.72,0.4,0.45,1
664,188,4.3,1,0.51,0.98,0.28,1,0.39,0.08,0.36,1
725,623,6.03,2,0.52,0.5,0.15,0,0.48,0.93,0.8,1
172,997,2.05,3,0.39,0.74,0.42,0,0.02,0.67,0.67,1
889,884,1.73,2,0.4,0.17,0.25,0,0.49,0.04,0.67,0
6,821,3.46,0,0.28,0.77,0.35,1,0.86,0.31,0.76,1
19,815,4.77,2,0.67,0.9,0.06,1,0.63,0.36,0.53,1
632,706,5.05,1,0.76,0.49,0.34,0,0.99,0.69,0.89,1
14,133,5.27,1,0.61,0.09,0.04,1,0.65,0.71,0.71,1
420,7,5.81,1,0.99,0.13,0.07,1,0.14,0.42,0.57,1
829,198,8.44,1,0.66,0.01,0.78,0,0.04,0.5,0.71,1
926,245,0.59,2,0.88,0.02,0.73,0,0.51,0.99,0.76,1
778,37,5.3,1,0.92,0.44,0.99,0,0.06,0.57,0.74,1
967,763,8.19,2,0.7,0.42,0.57,0,0.69,0.64,0.8,1
844,687,1.07,2,0.79,0.91,0.17,1,0.59,0.44,0.32,1
958,847,8.12,3,0.1,0.27,0.83,0,0.85,0.3,0.72,1
703,873,0.61,3,0.34,0.02,0.36,1,0.63,0.64,0.74,1
553,998,9.87,3,0.08,0.48,0.51,1,0.6,0.73,0.38,1
601,95,8.41,3,0.59,0.85,0.36,0,0.39,0.23,0.42,1
575,294,6.13,1,0.89,0.39,0.31,0,0.96,0.11,0.52,1
343,40,2.73,3,0.28,0.4,0.17,1,0.56,0.34,0.53,0
170,598,8.53,3,0.45,0.01,0.56,0,0.8,0.53,0.43,1
150,875,5.54,3,0.17,0.69,0.65,0,0.64,0.33,0.83,0
217,376,6.41,1,0.7,0.38,0.94,1,0.51,0.46,0.75,1
576,509,5.63,1,0.95,0.79,0.37,1,0.93,0.91,0.67,1
61,369,4.42,2,0.58,0.5,0.58,1,0.93,0.46,0.76,1
385,269,0.99,3,0.68,0.79,0.11,1,0.31,0.52,0.57,1
196,760,1.23,3,0.36,0.83,0.45,0,0.39,0.58,0.79,1
396,522,9.85,1,0.42,0.42,0.66,1,0.4,0.57,0.97,1
34,264,8.21,1,0.32,0.58,0.95,1,0.94,0.71,0.51,1
611,807,9.45,3,0.82,0.28,0.93,0,0.13,0.89,0.83,1
677,427,5.22,4,0.2,0.34,0.47,1,0.75,0.44,0.81,1
377,973,8.55,1,0.38,0.03,0.1,1,0.7,0.51,0.91,1
700,57,0.95,4,0.72,0.14,0.29,0,0.8,0.43,0.65,1
828,247,7.07,2,0.62,0.56,0.4,0,0.94,0.86,0.92,1
734,478,6.61,4,0.71,0.95,0.24,0,0.69,0.68,0.48,1
412,97,7.98,3,0.53,0.6,0.03,0,0.73,0.41,0.55,1
873,229,4.15,3,0.5,0.17,0.13,1,0.21,0.32,0.47,0
162,201,1.17,2,0.5,0.28,0.53,1,0.27,0.29,0.49,0
901,24,0.42,0,0.27,0.2,0.23,0,0.93,0.01,0.33,1
585,415,1.76,1,0.46,0.99,0.23,0,0.95,0.81,0.93,1
740,959,9.35,2,0.74,0.96,0.68,0,0.41,0.88,0.39,1
624,718,9.34,0,0.5,0.69,0.79,1,0.24,0.55,0.86,1
896,355,6.35,2,0.25,0.79,0.63,1,0.59,0.53,0.49,1
694,659,5.06,2,0.12,0.1,0.76,0,0.45,0.73,0.56,1
134,788,1.1,2,0.7,0.7,0.7,0,0.24,0.45,0.43,0
549,789,5.39,4,0.81,0.76,0.36,0,0.77,0.13,0.62,1
15,955,6.91,2,0.3,0.28,0.15,1,0.22,0.68,0.83,1
16,439,0.86,5,0.51,0.83,0.82,1,0.85,0.73,0.73,1
44,568,4.1,1,0.55,0.54,0.57,0,0.67,0.63,0.31,1
67,304,0.98,0,0.79,0.26,0.34,1,0.75,0.14,0.48,1
396,278,1.73,1,0.35,0.71,0.37,1,0.6,0.49,0.85,1
8,443,3.62,2,0.99,0.46,0.07,1,0.76,0.21,0.54,1
207,623,3.83,2,0.37,0.72,0.17,1,0.31,0.46,0.77,1
989,443,8.45,1,1.0,0.75,0.86,0,0.4,0.41,0.69,1
616,895,8.24,2,0.59,0.18,0.74,1,0.52,0.83,0.59,1
664,536,2.92,4,0.78,0.19,0.05,0,0.78,0.49,0.69,1
947,110,9.23,0,0.03,0.18,0.99,0,0.38,0.53,0.91,1
712,336,2.73,4,0.73,0.38,0.01,0,0.54,0.13,0.67,0
723,426,1.89,1,0.31,0.01,0.1,0,0.53,0.2,0.66,0
345,310,6.74,1,0.47,0.07,0.6,1,0.14,0.83,0.31,1
312,967,6.2,2,1.0,0.62,0.56,1,0.83,0.82,0.43,1
57,697,2.98,1,0.73,0.23,0.0,1,0.46,0.39,0.8,0
944,279,9.72,0,0.6,0.56,0.13,1,0.32,0.45,0.74,1
150,16,1.97,2,0.87,0.66,0.34,1,0.66,0.45,0.61,1
858,132,2.66,3,0.32,0.73,0.12,0,0.21,0.92,0.87,1
720,263,8.81,1,0.11,0.29,0.61,0,0.75,0.11,0.36,1
750,199,4.38,2,0.71,0.17,0.83,1,0.46,0.5,0.6,0
295,118,2.23,4,0.46,0.09,0.61,1,0.59,0.06,0.97,0
48,767,3.12,2,0.64,0.28,0.22,1,0.32,0.61,0.96,1
91,53,3.7,2,0.36,0.73,0.96,1,0.36,0.84,0.59,1
371,587,6.38,1,0.59,0.19,0.35,0,0.79,0.16,0.33,1
389,215,4.22,2,0.7,0.34,0.31,1,0.65,0.83,0.37,1
94,618,7.0,2,0.69,0.53,0.38,1,0.01,0.44,0.89,1
193,699,3.18,2,0.69,0.35,0.71,0,0.74,0.05,0.45,1
597,464,5.52,1,0.94,0.8,0.18,1,0.46,0.77,0.76,1
578,680,2.32,2,0.91,0.06,0.06,0,0.4,0.02,0.84,1
893,630,0.53,4,0.74,0.7,0.25,1,0.45,0.97,0.9,1
357,62,2.98,2,0.28,0.47,0.92,0,0.39,0.33,0.72,0
982,337,0.57,1,0.7,0.11,0.66,0,0.28,0.8,0.94,1
426,979,8.05,2,0.09,0.51,0.16,0,0.78,0.53,0.71,1
53,933,2.94,1,0.22,0.52,0.56,1,0.9,0.92,0.95,1
518,21,4.06,3,0.06,0.41,0.58,1,0.78,0.46,0.79,1
333,507,1.68,3,0.51,0.33,0.51,0,0.07,0.91,0.31,1
3,986,4.68,1,0.01,0.27,0.11,0,0.39,0.85,0.6,1
3,691,2.39,4,0.72,0.8,0.35,1,0.97,0.94,0.91,1
664,573,1.49,2,0.15,0.48,0.02,0,0.27,0.17,0.8,0
526,749,4.68,2,0.97,0.82,0.2,1,0.13,0.46,0.49,1
575,748,3.2,3,0.62,0.4,0.77,1,0.03,0.85,0.78,1
336,703,6.91,2,0.93,0.35,0.11,0,0.78,0.58,0.99,1
979,458,0.89,0,0.64,0.94,0.0,0,0.97,0.95,0.92,1
267,520,6.38,3,0.34,0.18,0.42,0,0.53,0.51,0.48,1
636,757,4.16,0,0.91,0.04,0.43,0,0.54,0.77,0.36,1
27,968,5.07,0,0.25,0.52,0.01,0,0.49,0.71,0.91,1
761,261,4.21,3,0.68,0.56,0.79,0,0.26,0.59,0.31,1
57,932,6.65,0,0.08,0.29,0.88,0,0.6,0.46,0.56,1
228,79,6.4,2,0.49,0.79,0.48,1,0.4,0.36,0.31,1
591,103,7.22,2,0.16,0.79,0.36,1,0.81,0.86,0.99,1
948,618,7.13,0,0.41,0.85,0.37,0,0.01,0.04,0.93,1
666,757,7.39,4,0.15,0.4,0.37,1,0.93,0.81,0.79,1
489,37,4.34,2,0.29,0.52,0.26,1,0.17,0.26,0.65,0
732,954,7.81,5,0.71,0.37,0.28,0,0.18,0.3,0.8,1
334,952,8.14,2,0.72,0.68,0.83,0,0.74,0.41,0.63,1
588,245,9.31,4,0.37,0.02,0.13,1,0.61,0.45,0.96,1
534,108,2.2,0,0.43,0.28,0.87,1,0.52,0.64,0.46,1
528,668,6.51,3,0.98,0.9,0.95,0,0.11,0.47,0.77,1
39,240,7.52,1,0.01,0.66,0.29,0,0.43,0.13,0.94,1
818,386,5.73,4,0.32,0.72,0.8,0,0.23,0.59,0.7,1
646,842,5.54,3,0.75,0.14,0.07,0,0.83,0.93,0.83,1
199,916,4.75,2,0.12,0.58,0.67,1,0.91,0.87,0.69,1
416,687,3.0,0,0.82,0.45,0.33,1,0.49,0.91,0.88,1
14,920,7.11,1,0.69,0.74,0.18,1,0.61,0.48,0.91,1
329,614,6.47,5,0.5,0.01,0.01,1,0.43,0.97,0.72,1
987,648,9.37,1,0.03,0.7,0.28,1,0.65,0.67,0.3,1
753,923,8.79,4,0.56,0.1,0.92,1,0.01,0.3,0.74,1
555,699,1.25,1,0.64,0.89,0.88,0,0.9,0.41,0.67,1
290,378,4.53,2,0.26,0.04,0.58,1,0.7,0.45,0.47,0
468,269,7.45,4,0.34,0.13,0.52,1,0.44,0.06,0.98,1
234,336,5.61,2,0.61,0.72,0.42,0,0.11,0.65,0.52,1
288,124,4.92,3,0.3,0.27,0.53,0,0.62,0.98,0.54,1
694,148,2.3,1,0.32,0.17,0.26,0,0.28,0.02,0.74,0
322,807,6.72,3,0.99,0.68,0.64,0,0.07,0.82,0.65,1
462,56,6.05,3,0.46,0.04,0.01,1,0.83,0.68,0.35,1
519,986,2.95,3,0.89,0.89,0.85,1,0.39,0.89,0.47,1
806,432,0.63,2,0.23,0.9,0.83,1,0.81,0.83,0.59,1
790,379,0.43,2,0.87,0.46,0.02,0,0.51,0.24,0.43,1
437,527,7.65,3,0.47,0.39,0.38,1,0.33,0.15,0.37,1
832,95,4.29,1,0.52,0.68,0.09,0,0.93,0.72,0.83,1
787,535,2.42,1,0.31,0.32,0.16,0,0.72,0.64,0.81,1
253,981,5.1,7,0.71,0.29,0.28,0,0.97,0.26,0.31,1
797,2,7.1,2,0.51,0.33,0.86,0,0.45,0.97,0.36,1
765,658,4.25,0,0.36,0.27,0.51,0,0.32,0.27,0.98,0
468,202,7.89,1,0.7,0.25,0.04,1,0.92,0.67,0.46,1
414,278,1.92,1,0.3,0.51,0.71,0,0.82,0.04,0.63,1
105,474,3.17,2,0.98,0.09,0.92,1,0.58,0.05,0.72,1
502,348,5.89,6,0.96,0.67,0.06,0,0.01,0.32,0.77,1
450,565,9.78,2,0.85,0.91,0.82,0,0.37,0.08,0.8,1
297,338,0.56,0,0.65,0.42,0.3,0,0.95,0.05,0.8,1
875,792,4.83,2,0.55,0.25,0.96,0,0.79,0.97,0.34,1
193,416,3.08,2,0.35,0.33,0.04,1,0.79,0.25,0.59,1
596,343,8.6,0,0.57,0.14,0.7,1,0.98,0.87,0.46,1
72,270,4.97,1,0.28,0.77,0.47,0,0.07,0.79,0.56,1
806,422,6.37,4,0.38,0.82,0.37,1,0.81,0.12,0.98,1
6,681,1.91,0,0.59,0.63,0.05,1,0.81,0.78,0.85,1
522,880,4.4,1,0.83,0.14,0.31,1,0.89,0.89,0.68,1
402,149,5.5,0,0.75,0.51,0.65,1,0.63,0.29,0.98,0
697,504,4.05,3,0.04,0.18,0.86,0,0.79,0.24,0.5,1
280,740,8.27,1,0.42,0.56,0.19,1,0.48,0.75,0.44,1
766,38,3.53,3,0.89,1.0,0.67,0,0.91,0.36,0.5,1
423,538,4.61,5,0.72,0.39,0.68,0,0.05,0.0,0.72,0
947,109,8.82,1,0.27,0.14,0.58,0,0.52,0.51,0.67,1
73,840,9.12,1,0.42,0.36,0.8,1,0.44,0.62,0.89,1
185,339,2.16,3,0.96,0.73,0.75,0,0.77,0.24,0.33,1
875,888,0.2,3,0.01,0.24,0.14,1,0.3,0.51,0.82,0
150,488,6.05,2,0.53,0.06,0.77,0,0.45,0.51,0.8,1
184,311,8.1,1,0.78,0.33,0.32,0,0.54,0.74,0.79,1
808,911,6.82,3,0.58,0.07,0.89,0,0.04,0.57,0.9,1
914,180,3.09,2,0.96,0.59,0.82,1,0.61,0.74,0.84,1
385,314,4.15,3,0.44,0.4,0.58,0,0.65,0.07,0.56,0
942,802,0.3,2,0.19,0.94,0.52,0,0.71,0.85,0.6,1
896,790,5.94,3,0.91,0.9,0.98,1,0.86,0.29,0.43,1
428,71,8.95,0,0.68,0.48,0.16,0,0.9,0.8,0.4,1
262,580,6.3,1,0.86,0.7,0.55,1,0.68,0.06,0.69,1
490,498,9.49,1,0.92,0.42,0.96,1,0.75,0.87,0.68,1
575,19,1.49,2,0.93,0.87,0.13,0,0.5,0.01,0.38,1
472,208,0.34,1,0.71,0.06,0.49,1,0.56,0.74,0.45,1
709,258,3.7,4,0.57,0.89,0.48,1,0.53,0.29,0.78,1
844,659,4.64,3,0.89,0.5,0.6,1,0.43,0.54,0.61,1
730,346,7.18,3,0.65,0.26,0.07,1,0.1,0.91,0.45,1
861,81,1.9,0,0.77,0.88,0.61,0,0.95,0.6,0.31,1
909,871,1.52,1,0.39,0.23,0.85,1,0.24,0.73,0.35,1
706,347,2.01,5,0.18,0.44,0.17,0,0.07,0.37,0.88,0
366,162,7.31,0,0.66,0.32,0.75,1,0.76,0.97,0.33,1
206,793,2.03,0,0.24,0.68,0.23,0,1.0,0.27,0.9,1
445,988,7.34,3,0.6,0.15,0.8,0,0.21,0.78,0.64,1
529,677,4.0,1,0.75,0.08,0.66,1,0.88,0.87,0.62,1
761,768,4.32,3,0.65,0.18,0.75,0,0.05,0.19,0.95,0
873,104,7.42,1,0.65,0.12,0.95,1,0.6,0.47,0.79,1
805,799,2.1,1,0.3,0.75,0.79,1,0.49,0.31,0.64,1
9,459,3.67,2,0.9,0.86,0.51,0,0.34,0.82,0.39,1
757,106,3.47,2,0.1,0.35,0.84,1,0.95,0.6,0.76,1
543,524,1.74,2,0.32,0.36,0.26,0,0.71,0.58,0.92,1
749,117,2.1,2,0.95,0.13,0.7,1,0.51,0.34,0.43,1
550,117,9.7,1,0.96,0.55,0.8,0,0.57,0.89,0.76,1
436,840,8.56,2,0.13,0.86,0.59,1,0.68,0.98,0.8,1
189,297,8.59,0,0.45,0.29,0.1,1,0.13,0.81,0.72,1
674,312,3.46,0,0.51,0.09,0.97,0,0.21,0.65,0.89,1
306,58,7.3,4,0.83,0.41,0.96,0,0.37,0.08,0.57,1
976,148,5.19,1,0.28,0.82,0.08,0,0.18,0.69,0.89,1
856,944,5.36,2,0.96,0.8,0.67,1,0.79,0.66,0.73,1
5,297,4.79,2,0.01,0.65,0.2,0,0.25,0.62,0.67,1
522,199,0.91,4,0.48,0.41,0.11,0,0.42,0.58,0.91,0
445,468,3.78,2,0.19,0.9,0.2,1,0.48,0.0,0.47,1
521,459,9.66,6,0.26,0.55,0.19,0,0.87,0.86,0.58,1
970,554,5.61,3,0.35,0.89,0.17,1,0.91,0.09,0.81,1
470,759,3.95,1,0.92,0.0,0.89,0,0.74,0.46,0.7,1
326,649,5.66,1,0.69,0.91,0.13,1,0.87,0.68,0.76,1
859,8,8.51,4,0.26,0.56,0.53,1,0.55,0.51,0.46,1
843,335,1.49,3,0.24,0.88,0.4,0,0.87,0.92,0.77,1
352,512,4.04,2,0.91,0.48,0.46,1,0.84,0.47,0.37,1
647,147,4.94,1,0.42,0.09,0.09,1,0.61,0.25,0.95,0
987,166,5.79,4,0.04,0.39,0.41,1,0.77,0.75,0.68,1
773,210,1.41,2,0.25,0.37,0.11,0,0.09,0.86,0.87,1
357,527,1.0,0,0.33,0.51,0.53,1,0.36,0.97,0.97,1
738,782,7.97,0,0.55,0.74,0.22,0,1.0,0.33,0.57,1
265,983,4.46,2,0.77,0.69,0.74,1,0.04,0.33,0.63,0
307,984,7.03,5,0.36,0.73,0.1,0,0.63,0.02,0.93,1
944,336,4.72,3,0.82,0.4,0.94,0,0.44,0.75,0.44,1
307,533,6.38,0,0.72,0.84,0.4,1,0.51,0.41,0.91,1
331,259,9.49,3,0.66,0.36,0.79,1,0.94,0.22,0.84,1
421,55,6.74,3,0.02,0.61,0.37,1,0.24,0.62,0.42,1
975,925,0.57,1,0.58,0.9,0.01,1,0.33,0.53,0.34,1
725,51,4.91,0,0.84,0.72,0.94,1,0.56,0.59,0.56,1
267,630,2.81,1,0.2,0.63,0.57,1,0.67,0.99,0.36,1
670,570,2.91,2,0.21,0.62,0.13,1,0.57,0.74,0.85,1
24,687,5.17,4,0.44,0.26,0.12,1,0.38,0.14,0.8,0
674,437,8.37,1,0.05,0.43,0.93,0,0.07,0.4,0.84,1
774,156,4.19,3,0.44,0.8,0.61,0,0.83,0.56,0.32,1
869,991,4.68,2,0.5,0.59,0.34,1,0.19,0.77,0.63,1
405,987,3.67,5,0.95,0.02,0.38,0,0.4,0.03,0.87,1
275,492,3.45,2,0.32,0.64,0.88,0,0.15,0.09,0.69,0
368,759,1.47,1,0.6,0.82,0.76,1,0.15,0.69,0.92,1
701,360,2.3,0,0.62,0.05,0.61,0,0.59,0.32,0.69,0
811,850,0.52,0,0.46,0.13,0.66,0,0.35,0.12,0.33,1
872,498,6.49,1,0.95,0.99,0.47,0,0.11,0.51,0.63,1
106,283,9.45,3,0.95,0.6,0.58,0,0.68,0.02,0.79,1
243,951,1.57,1,0.83,0.26,0.69,1,0.73,0.16,0.7,1
648,930,1.86,3,0.38,0.87,0.36,0,0.12,0.44,0.89,1
445,310,7.27,2,0.65,0.02,0.13,0,0.92,0.75,0.71,1
247,234,4.35,2,0.73,0.42,0.98,0,0.14,0.22,0.7,0
906,298,4.4,0,0.27,0.19,0.88,1,0.23,0.2,0.6,0
273,394,6.09,2,0.04,0.82,0.99,0,0.36,0.61,0.52,1
493,765,4.51,1,0.73,0.27,0.45,1,0.15,0.45,0.92,0
710,923,8.41,1,0.58,0.51,0.4,1,0.79,0.1,0.88,1
193,401,0.97,3,0.27,0.76,0.26,0,0.53,0.83,0.56,1
865,701,6.77,0,0.48,0.19,0.63,0,0.13,0.96,0.74,1
448,847,4.32,2,0.12,0.3,0.96,0,0.48,0.83,0.93,1
601,760,0.28,2,0.02,0.4,0.99,1,0.36,0.23,0.63,0
77,735,1.51,2,0.28,0.93,0.68,0,0.69,0.21,0.9,1
116,963,1.63,2,0.41,0.99,0.78,0,0.83,0.6,0.57,1
750,117,5.81,1,0.34,0.4,0.76,0,0.72,0.69,0.98,1
533,112,1.45,3,0.46,0.7,1.0,1,0.68,0.34,0.68,0
32,186,8.85,1,0.34,0.04,0.6,1,0.36,0.4,0.42,1
835,999,8.06,4,0.8,0.71,0.37,1,0.11,0.84,0.69,1
817,721,9.72,0,0.9,0.13,0.39,1,0.35,0.65,0.68,1
